Geo_Location,Tissue_Specimen_Source,Collection_Year,Body_Temperature,Parasite_Density,mutation_label
51,1,2020,35.64322796651585,11122.834541443435,0
92,0,2022,36.54536058340796,4484.479504592349,0
14,3,2022,35.683536370360635,7035.193425469573,0
71,2,2021,38.17374024205093,4651.885769655929,1
60,1,2022,36.12604468855082,11717.8243237423,0
20,0,2021,36.74312623684437,11046.071355271737,0
82,4,2021,37.92650555239862,10940.613901850546,0
86,3,2021,38.04737487066672,7355.699174625777,1
74,1,2021,35.63931048061713,7081.150662050004,0
74,1,2020,38.58498292565919,10628.340796889252,0
87,2,2021,37.68353450300088,7991.841841686595,0
99,2,2023,35.3774457406294,6938.78630850329,0
23,4,2022,35.00842615636508,8474.831886225795,0
2,4,2023,36.976270434606896,8017.773891894075,0
21,0,2020,38.27514098397521,7399.83107611464,0
52,0,2023,38.31357379360147,6322.696549727194,0
1,4,2022,37.53425031583726,11346.069305016721,0
87,4,2023,37.07301225749024,14668.148318431171,0
29,3,2020,37.76760650361851,9882.98739814404,0
37,2,2021,35.717004228416116,10667.302410909784,0
1,0,2023,39.53048179453809,11609.133557805111,0
63,2,2020,39.510907627183784,11099.697271579365,1
59,2,2020,37.64321847193105,7459.263015049062,0
20,4,2022,37.29595062998928,15159.538633307755,0
32,3,2022,36.38286854101094,7728.068458966118,0
75,1,2023,37.79312326869949,11944.265093981227,0
57,3,2021,35.96302394347484,11590.573922028734,0
21,3,2020,33.664581953506705,4124.6753735960865,0
88,2,2023,32.928839049263374,8923.460749261241,0
48,3,2020,35.800752500254774,10169.88535543651,0
90,0,2020,37.23456718437742,10399.453634272857,0
58,2,2021,37.49795760093022,10904.2615465503,0
41,0,2021,36.26986448723607,12272.988618819927,0
91,1,2023,37.21275275071436,9977.453907187666,0
59,2,2021,36.588657464418205,11063.852704053832,0
79,1,2021,35.5010308635248,9865.136239682852,0
14,2,2023,36.91938323654631,6947.99902973568,0
61,4,2021,38.21943566854847,10097.204324109021,0
61,3,2022,35.568907378380516,12247.269532759208,1
46,4,2020,35.569593080470455,13326.365147426095,0
61,1,2020,35.39612410907176,11611.946972632612,0
50,3,2020,34.095221898237824,14003.050977847897,1
54,2,2020,36.279696438779474,11256.594242226942,0
63,3,2023,38.071129169428794,12591.639465006512,1
2,0,2020,37.26087412575065,12812.173447839357,0
50,3,2020,36.74612367391554,9329.948377348794,0
6,0,2020,37.193597197360255,12178.010297703006,0
20,3,2020,36.266527768856264,7178.065307077257,0
72,0,2022,34.078170044104795,11049.43702764659,0
38,1,2020,38.17557817272185,11731.077480005359,0
17,4,2022,38.60668686067697,13153.285362097991,1
3,2,2023,35.90776483589832,12462.277911943918,1
88,3,2021,36.773746569090164,13192.342550004141,1
59,4,2020,36.644501243409756,9701.859009620732,0
13,2,2021,37.52693321413681,8963.820535989858,0
8,2,2021,39.53484018493943,9175.30372634315,1
89,0,2023,38.739686867933955,10798.851191345891,0
52,1,2021,36.43462866187916,4573.758953073243,0
1,1,2022,37.81369579225036,13995.270911183661,0
83,4,2021,38.88153530285907,10131.620079486926,0
91,1,2021,37.61251774659217,8754.995252994642,0
59,3,2021,36.99295089333974,2410.8513681836175,0
70,1,2020,37.669000142000776,9889.559481465152,0
43,4,2020,35.94509271615479,9404.570454772733,0
7,1,2022,36.16407831384388,7308.860708064235,0
46,3,2022,35.403948647198355,7980.859464618963,0
34,0,2020,37.46059677485537,9920.09006666451,0
77,4,2022,36.80289564096664,8235.29062123695,0
80,0,2020,35.76532290797788,11715.634198535066,0
35,0,2023,36.75373088256924,7753.649234067951,0
49,0,2021,37.70499739114476,10463.825288562333,0
3,2,2021,39.872068458996985,13540.13610643351,1
1,2,2022,38.518101797055785,9890.212412312347,1
5,0,2020,33.57377821377649,11067.931371879236,0
53,4,2020,37.35896270023052,10877.954162201795,0
3,3,2022,39.14398639406928,10023.990698851798,1
53,3,2020,34.99318976318465,9798.978574169469,0
92,1,2023,37.82733890531863,8285.877335650264,0
62,4,2021,36.645036721703434,10453.036871673457,0
17,2,2022,38.72543579637424,9150.1974734816,1
89,0,2022,37.60638579252018,14638.27050470412,0
43,1,2020,35.673976818161194,12433.429777329733,0
33,3,2022,36.69872278256407,5641.612312334962,0
73,2,2023,36.787456485928566,5808.526005345768,0
61,2,2020,36.81523267778493,9608.620392881905,0
99,0,2020,38.678894417162894,8814.083567680762,0
13,3,2020,35.73607011791466,9450.418245334224,0
94,4,2020,38.504576964491775,11953.48438195694,0
47,2,2023,36.54662548611772,10947.207696632071,0
14,0,2020,37.33526665949375,10916.887691374463,0
71,4,2022,37.10856637942155,14338.58399648618,0
77,3,2023,36.96729199287725,5833.325337480762,0
86,2,2021,36.97959574833202,10311.816502446698,0
61,4,2021,39.18603783740653,8262.842356158239,0
39,4,2022,38.263674887359215,14306.307357518057,1
84,4,2022,36.45592646563011,3371.9451825299684,0
79,2,2023,39.374180881183136,3503.5552428609953,1
81,2,2021,37.41202161098928,10913.908889044153,0
52,1,2021,37.53643638898584,13378.889677972442,0
23,3,2021,35.74402138100291,12319.76296395115,1
25,0,2021,36.25375201239229,7597.057620046875,0
88,4,2021,35.96724473810924,14519.26516600474,0
59,1,2020,37.129109297490515,6305.593754217374,0
40,0,2022,37.95817461917231,13922.452568630033,0
28,1,2020,37.55084844913332,6702.315248925569,0
14,2,2021,39.38206623410437,8944.527482988335,1
44,4,2023,35.66836299218315,11917.808613570753,0
64,0,2023,37.172303565308326,5601.376507311505,0
88,0,2021,35.075591006052555,14407.070192622301,0
70,0,2021,35.6171935425951,8926.168505796057,0
8,0,2023,38.89686756600769,10411.828407034867,0
87,0,2020,36.305252700292804,13486.602367122257,0
0,1,2020,35.79495430590959,7620.623964498551,0
7,4,2021,33.80503468662558,13182.441058766168,0
87,2,2020,35.779968028316624,14921.60071267711,1
62,2,2023,36.69207958870753,8033.263008011263,0
10,2,2020,34.96389556032069,14108.163017788884,1
80,2,2021,36.605824916526295,4718.264217275191,0
7,1,2023,38.905946590987334,11168.801184383701,0
34,3,2020,35.9390419895075,6314.204452888574,0
34,4,2022,35.584925425945094,12827.705645608567,0
32,0,2023,35.31414779970236,12581.36814526661,0
4,3,2023,35.2873538612263,16232.139986773731,1
40,2,2022,37.803366170332644,14263.848948857498,1
27,3,2022,37.073003105324574,9502.686407195635,0
6,4,2023,38.43528531891336,6754.7575381034785,0
72,0,2022,40.029756837481386,11697.06123900817,0
71,0,2021,34.25441330213628,9817.80576884352,0
11,4,2021,37.57011806266266,14653.465133787111,0
33,4,2021,35.32207099834966,3500.8574697526647,0
32,2,2023,38.18334894705018,16564.17027786588,1
47,0,2022,36.592131998389846,11595.97182283541,0
22,3,2022,37.04098414129626,7560.963634838883,0
61,1,2020,35.075233858105285,12201.967682255698,0
87,1,2020,36.36035946233025,13892.26426386911,0
36,4,2022,37.13449337666239,10343.040673911066,0
98,2,2022,39.034117220210064,4705.238847565472,1
43,1,2022,35.80815920888717,9118.458890958682,0
85,0,2023,36.17396264270453,13118.185159126415,0
90,4,2022,38.41643446327342,11489.994202682125,0
34,3,2020,35.710989574451034,9530.478907493882,0
64,4,2023,38.713577715961186,13924.947492674306,1
98,3,2022,36.98637013791062,12217.91752249689,1
46,4,2020,37.454684442387766,12449.017467815032,0
77,4,2023,37.55128345376406,8768.095924057596,0
2,4,2022,36.07566916989009,8477.848954761705,0
0,3,2022,37.58483022920859,4900.120837950936,0
4,3,2022,35.841445323528546,9221.824732188232,0
89,4,2023,36.24684549385168,12806.176161394384,0
13,1,2020,37.838036449049916,9387.72010895324,0
26,2,2020,37.440090933462855,11336.616539587016,0
8,2,2021,36.88755257374143,13333.59806995984,1
78,2,2022,35.11190252610548,11118.498975395896,0
14,3,2021,35.48626256597556,11411.544285282405,0
89,3,2021,37.41506356585748,5926.532613887337,0
41,1,2020,38.098210845227676,9032.30564769407,0
76,2,2023,35.335531743218866,15179.879519489787,1
50,2,2023,35.74026212882175,10311.39154328828,0
62,4,2020,37.20127776126658,15690.214545989724,0
95,3,2023,37.16918179394364,7830.653108083158,0
51,2,2021,34.56406418685844,10701.84235640362,0
95,1,2022,37.24234452015998,8851.964687344396,0
3,1,2020,36.10244828465467,11775.954055373659,0
93,2,2022,39.461569944593435,12685.026004180363,1
22,3,2023,37.37379781410348,11807.398287102702,0
14,1,2022,37.632210174813856,13125.556431244087,0
42,4,2023,37.671038953285915,9960.48103443302,0
28,1,2023,35.179108929021154,9428.414897008966,0
35,0,2021,39.915815339662906,4725.420978172085,0
12,0,2023,34.56563312882324,11915.352805493694,0
31,3,2021,38.19355471254961,10516.552276720471,1
70,2,2021,37.92799590622097,9796.2557873124,0
58,3,2021,36.28449643013056,9427.547783636965,0
85,3,2020,37.999675475070084,9889.36131596863,0
27,3,2020,36.523640201764394,9291.291605506249,0
65,3,2023,35.98680783271633,8415.898484310086,0
41,4,2021,37.70433875402939,10718.766642172506,0
44,4,2020,35.490158513368144,11452.477356798858,0
61,1,2021,36.66361726186364,7688.296256841458,0
56,0,2022,36.10873487690506,8797.793292437827,0
5,3,2022,36.49603073564058,9386.134746205395,0
27,1,2022,37.64909289869528,10014.439922130354,0
27,0,2023,36.10845044148069,9615.443591242698,0
43,2,2021,36.71151413039145,11979.163598969182,0
83,4,2022,36.24528212214763,5042.898952888572,0
29,0,2020,39.16599499836182,5574.888404979649,0
61,2,2022,37.51391859732084,10580.708197760734,0
74,0,2022,37.330104449450076,8191.942456516634,0
91,4,2022,38.025127756935134,12652.726917321432,1
88,4,2023,36.10879813483767,13509.402857765652,0
61,1,2020,38.28888583749976,10701.241529268731,0
96,3,2021,37.519266618749114,6784.075251177463,0
0,0,2020,34.6586636458689,13163.780548681178,0
26,0,2021,34.857953750348855,10596.707986450981,0
61,2,2023,36.1415544208239,5539.192082418647,0
76,4,2023,35.01849025620224,5804.441055804447,0
2,0,2023,36.64258230895062,14550.840369125934,0
69,4,2023,35.4793930128762,14053.407739783688,0
71,0,2021,36.853415420393624,2448.5705737112658,0
26,1,2022,39.117564063897184,5926.62731422637,0
8,3,2021,36.92593464466572,13422.566486864966,1
61,0,2020,36.545553317647105,9944.522234820855,0
36,4,2023,37.582363971678014,12105.547856476278,0
96,1,2023,35.9553703106161,9814.14176170571,0
50,0,2020,38.265121464094,11963.477470213611,0
43,2,2021,37.742819429686165,10017.5006399963,0
23,3,2022,37.05829834307285,8687.1752297291,0
78,0,2022,37.23147374745038,13176.231489744428,0
58,1,2020,40.06261886584428,10606.163848076938,0
31,2,2022,38.4134683154018,11957.1661487307,1
95,1,2021,40.299289946742,10472.3437748823,0
87,1,2021,37.79804528993868,8540.929319350562,0
51,2,2020,34.792462835993966,14825.167934071578,1
61,1,2021,36.606739445704235,11064.904764272997,0
57,2,2023,34.4496926881779,8934.854066883545,0
51,0,2020,37.79245455200038,13834.988410956148,0
11,2,2021,38.118106296018105,6037.528678363128,1
38,2,2020,35.67112600606108,16708.85095238796,1
1,3,2022,36.01654543052972,9462.550727009715,0
2,2,2021,37.22312634435282,6195.957377849871,0
55,2,2023,35.20284390510367,15717.824045372694,1
80,0,2021,35.0902603461362,8610.497160781626,0
58,3,2020,38.85794807206168,10729.73370956688,1
1,4,2020,37.17206592724595,12153.07222431839,0
1,0,2021,36.16283596344107,13552.517582980436,0
91,0,2023,34.46182166716417,10899.323691164695,0
53,4,2023,38.27852703534171,8058.053775009888,0
86,2,2023,35.97322268167455,10656.977570001978,0
95,1,2020,39.791026668805806,8742.053364004836,0
96,3,2021,38.288965146540164,10747.035029093571,1
0,1,2022,35.7877872183891,14884.448637270576,0
18,4,2020,35.92679245430279,12267.775574931382,0
1,0,2023,39.5827767444165,10619.939314295016,0
52,0,2021,36.873610829748245,12215.47249781902,0
43,3,2023,36.230033157514946,12430.241955727557,1
89,0,2022,37.041582532714855,6766.377691093824,0
31,0,2023,36.22313102491931,10125.168133647094,0
69,3,2023,37.36157271566225,17687.582977997547,1
31,3,2022,36.886264567722606,13638.462955095598,1
67,4,2021,38.313261970767265,8489.693322516401,0
54,0,2020,36.41713884514131,8190.3763116471355,0
74,0,2021,35.67277544996553,8090.422830473193,0
55,4,2022,36.476522955064624,12598.959850786172,0
16,2,2023,36.46737415266393,14822.922763348652,1
37,2,2021,36.88369927720901,11746.501133440175,0
23,2,2020,37.951810432085836,10471.487049606454,0
68,4,2022,37.869863451207884,8667.533927101686,0
97,0,2021,38.79948801378785,10988.11943675058,0
69,4,2020,35.782765483399714,7539.634839711372,0
85,4,2022,37.583080184576666,4192.703358366284,0
10,2,2020,38.09097977053107,14910.477070337347,1
15,1,2022,35.9886693905322,6982.561988913672,0
96,0,2023,36.68855342052643,9025.502878992042,0
72,2,2021,34.37503318867181,11969.072351887873,0
58,1,2020,38.360286542688605,14303.400608038162,1
69,1,2022,36.6767526965202,10771.391957255864,0
79,3,2020,38.2098462650215,6418.867037017515,1
92,0,2020,37.30907427681927,9095.960650925346,0
2,1,2021,36.72225215653769,7964.543784924762,0
19,2,2023,34.610795800971275,9885.366917586038,0
58,3,2020,34.87757108392534,13695.953413808907,1
35,0,2022,33.110280723487385,2387.8342117903476,0
18,4,2022,36.156079775757014,8765.830509917527,0
89,2,2023,40.41737305477187,8547.851090838945,1
66,1,2022,35.068078915723,6229.715965313081,0
18,1,2023,33.05285217487014,11756.472231248848,0
19,2,2022,38.444003379378294,5755.072384371856,1
95,1,2021,40.54557680394505,6100.317162111025,0
70,3,2020,37.44688159788971,12553.207642061841,1
51,0,2021,37.43309859207994,14501.714106888005,0
32,3,2020,36.53517688953437,9771.709694164123,0
39,1,2020,34.30861415423491,6347.8116430322025,0
38,4,2020,34.823932123384786,7883.337724665251,0
81,0,2021,36.52487000590222,13024.005841735136,0
0,0,2020,36.23731698995538,10349.31472199018,0
10,2,2021,36.827240608345086,9696.88366935423,0
91,2,2023,38.24398723589224,10939.149129739439,1
56,4,2022,36.127243252124465,9887.020169423678,0
88,0,2022,38.27457513460692,14637.13689297765,1
49,4,2020,36.13706543514584,7752.570205919197,0
22,2,2021,38.55735938929863,7408.122649494359,1
30,2,2022,37.129551350610136,5849.639445794032,0
93,0,2021,36.34625448861773,8380.03709282293,0
41,3,2021,37.103941090823334,6724.073576001536,0
98,1,2020,36.55969173676365,10654.22652595817,0
6,2,2022,37.16970135651996,10062.84209657543,0
15,2,2020,38.13715929777621,6762.773499796071,1
89,3,2020,36.86917660237653,11767.418077083918,0
59,3,2022,36.44564672071933,14550.438601389622,1
1,4,2022,35.31472569263376,11073.515046013072,0
0,4,2023,37.86876702893757,2369.5054511335793,0
47,1,2023,37.522408339604084,15961.392912010317,0
11,1,2021,35.22708572360872,12240.770407213178,0
68,0,2022,38.25324141688114,15869.254759565352,1
36,4,2023,35.202723951096495,13272.170758449502,0
31,2,2021,38.54383268685084,13871.546256611677,1
8,4,2021,38.031794990780526,10615.800680803253,0
98,2,2021,37.62949828389711,9213.111963430501,0
18,3,2023,36.43450726124944,11120.44356319648,0
47,4,2022,37.86366967399968,7873.644759260382,0
79,3,2020,38.61455799286177,11301.642552700698,1
2,1,2021,37.88852788166226,2119.641227947868,0
19,1,2023,35.994624967410644,10128.796735643238,0
23,0,2023,37.401110473533194,14034.028360306398,0
53,4,2020,38.69805247944255,10282.925736786898,0
32,3,2020,40.298647270835055,15182.448214092963,1
23,2,2023,36.69218053825121,9208.763836454185,0
74,1,2022,38.286824659197144,13007.952738963484,1
71,1,2020,38.70172078012648,7365.189778979902,0
35,2,2023,35.781392501515356,12885.869858666136,1
37,3,2020,39.67311747709222,10697.78472468345,1
83,3,2022,35.40222297387483,9340.748512471813,0
98,4,2021,38.213478272549466,2278.3536548067405,0
88,4,2020,37.4579796693206,9236.86967258335,0
98,0,2022,37.08336333999724,10640.359057839432,0
24,1,2023,40.82024992217296,12486.128305659751,1
92,4,2020,36.5481171470098,14682.849397297203,0
17,3,2020,36.523981610907086,16105.098104097731,1
81,2,2023,38.997218211096694,13738.802029368953,1
65,3,2021,38.14270566713017,8313.729024087417,1
53,1,2023,38.923148381437834,9085.587731446783,0
34,3,2020,37.17530407351167,12216.74641313105,1
79,0,2023,37.47541392551825,11558.843379543405,0
60,1,2022,39.85140341949186,14885.037878174084,1
40,2,2023,35.746068880628954,17438.168256129735,1
99,0,2020,36.84568443386251,16801.540585294668,0
32,1,2023,38.19738110713817,14481.814599395035,1
67,2,2021,36.70620876986824,11583.707946828692,0
32,0,2023,36.144781181075444,14047.975188837532,0
13,0,2021,37.927726769179785,14984.323041185187,0
20,1,2022,39.00370849973724,9558.098808234945,0
47,4,2021,36.788748455791215,8402.017082473722,0
19,0,2023,36.747115568783876,7697.7369997849755,0
7,0,2020,36.02846796147485,7370.84579966409,0
6,2,2021,36.5560347348914,5854.014032220428,0
66,3,2022,38.62540911974528,10749.705127353183,1
16,1,2021,37.121594306040485,7000.741596735605,0
32,1,2021,35.79251400860457,7649.433447593853,0
47,4,2021,37.39354357048549,12103.76667753018,0
75,4,2022,38.57679101647906,10544.82719876053,0
58,1,2023,36.15717150467886,11288.874821901023,0
85,4,2021,35.007092170606654,14095.446285676244,0
21,2,2021,40.286237739809124,12593.589725622385,1
29,1,2020,34.93220597493513,14556.659744357989,0
37,4,2022,36.461466154216325,10239.929484334212,0
50,1,2021,37.34819276778801,14835.371773937188,0
53,3,2022,36.59135844813356,11079.21029307238,0
7,0,2021,36.88763373301747,10506.118783285609,0
26,1,2023,37.86525725181189,14384.57861882951,0
26,0,2023,33.41241751343081,7383.538962420114,0
97,4,2021,35.099658292714224,16070.801702627425,0
20,0,2023,37.06638907910549,9153.699939888142,0
29,1,2021,36.393674482039586,6345.676085352035,0
96,3,2023,37.194116887413394,11960.505856167587,0
27,4,2020,37.341479923946956,8868.035469645218,0
63,1,2020,33.82612000679351,16077.421275733752,0
96,4,2020,38.91046049822747,8701.297543644558,0
68,2,2022,36.252598175349476,10943.346752055886,0
60,0,2022,35.70173022283599,5723.220053565691,0
47,2,2020,37.31253294393892,12438.742734692414,1
18,1,2022,37.16074034167337,7667.829772423286,0
3,3,2023,38.795036226481955,12079.974070997803,1
34,4,2021,37.407809744155024,8714.964280882414,0
63,0,2021,38.73716627203645,3859.1959398316003,0
48,4,2021,35.592733936858444,10393.570271031651,0
16,1,2020,37.21279158281125,10259.285551235305,0
43,4,2022,35.327878439012665,12643.21472086784,0
91,0,2023,37.14651378334042,14668.001715517612,0
29,1,2023,36.82856806659717,15737.228229750395,0
92,4,2020,36.764053862198644,12592.462640412657,0
45,3,2023,36.77720867145755,10835.857576197755,0
5,1,2023,38.10458420527689,5717.999231453604,0
98,1,2023,34.58896051449613,10606.062810970021,0
36,3,2023,35.650318205823744,10644.820509816798,0
23,2,2022,36.93914225988224,9404.079221031916,0
92,0,2023,35.23200536579313,11898.902951802425,0
45,2,2021,37.06917115930157,13365.717132946404,1
52,4,2020,36.92372121813839,7544.788208413948,0
94,3,2022,34.89436503242113,7498.046937401598,0
98,2,2023,34.82025228061858,9582.123964670112,0
59,1,2022,33.0643176466761,8154.312427876231,0
96,4,2023,35.16899492547713,5076.240392920411,0
62,4,2021,37.0214848873159,7010.221791031145,0
84,2,2020,37.23428173441132,6303.0365588876775,0
31,2,2023,37.30284933944267,13625.351524054458,1
86,3,2023,35.83312178099893,15108.481018027835,1
32,0,2023,36.97254477396777,6713.699628116239,0
66,2,2023,37.59586691386218,11638.220539411333,0
17,2,2020,35.09794667574827,12620.549273409251,1
24,1,2020,37.18499361158581,5523.193640020409,0
94,4,2021,37.984721817752636,10482.936841536999,0
53,0,2020,36.26384180526568,17600.548496039577,0
57,1,2023,38.5933514955244,12031.440599072892,1
66,3,2021,36.29884848426254,9264.098376002408,0
45,3,2021,35.709908717315386,8319.440424345374,0
23,2,2021,37.83526176782938,3932.6152458373163,0
31,2,2023,40.04994065419969,11411.420968350196,1
46,3,2022,37.12803042833171,15843.450361762945,1
85,2,2023,37.95236170617058,7559.368736806238,0
22,0,2020,36.236924168353234,4193.245961448816,0
65,2,2020,35.13757567030596,8007.327455940327,0
26,4,2023,37.2493984688511,12644.799237934625,0
1,2,2023,37.48659995768187,8714.499985533745,0
89,1,2021,36.46313336442826,7538.595721260735,0
16,0,2023,37.94658477703226,10057.464745173576,0
32,1,2021,36.01887998527852,10689.102241503566,0
8,1,2020,35.64687060122239,5834.829577684916,0
42,4,2021,38.590964395729245,9348.14890918953,0
47,0,2023,38.59802143981245,8508.197158232984,0
38,0,2020,36.04848534124648,8077.286952255752,0
92,0,2022,39.578275735607235,6948.889991825657,0
41,0,2021,36.569339961204626,12823.773564384393,0
25,0,2020,37.12717429696594,8066.8392136059165,0
98,4,2021,36.87302118722736,4015.1641425601447,0
49,2,2020,37.78564032616852,10792.8934659263,0
24,1,2020,37.407132240701415,12175.598418019554,0
23,0,2021,37.38694324237249,7611.951804352368,0
12,2,2022,35.47065755242017,8321.011930648101,0
59,2,2020,34.46715652481547,8052.8388387148825,0
6,1,2020,38.71324004237929,8960.039915709669,0
56,4,2020,36.18183100159038,13320.550546569466,0
35,3,2022,36.92644993984978,9657.82248288293,0
44,3,2022,37.49019836483467,12518.780637001615,1
19,2,2023,39.443514405023905,7093.505105359742,1
64,1,2021,37.24203688696376,8848.928741257047,0
7,3,2022,36.407803655613854,12862.04144754192,1
15,2,2021,36.21468342806971,7583.183804721222,0
13,4,2023,36.94396473813709,13036.409382725593,0
75,3,2021,35.63595284553908,8114.847727014586,0
86,2,2022,37.04331358472351,9035.012454824742,0
14,2,2021,36.92197046731298,15010.487762046774,1
91,0,2022,39.46229042296623,8692.543068501305,0
97,4,2021,36.87459829211362,10436.037408251905,0
65,0,2022,34.11326775842672,11849.309267565208,0
31,1,2022,41.01026645559472,10679.525949016033,0
86,0,2021,38.43525059673414,10765.16004666873,0
62,0,2023,40.123523116143375,9830.380768054798,0
85,3,2020,35.26402001952327,6093.282372951031,0
50,2,2023,36.66725982811556,11044.867990299275,0
24,4,2021,38.01160186224148,7802.5946289650365,0
57,0,2023,37.80458705842669,12327.30165220953,0
62,4,2022,37.46040656103933,14116.184271849057,0
61,0,2020,33.700583922249166,4583.328215748954,0
21,1,2021,34.43134081365353,14121.423482281312,0
57,0,2021,39.27628016359581,8766.82662439887,0
57,3,2021,39.54299429930453,9607.152333446582,1
85,2,2020,36.840023062845404,7262.837642462831,0
48,1,2022,39.08564121160957,10565.40318719883,0
51,0,2021,35.46515835078505,10200.444649532217,0
41,4,2023,35.80836091979698,13230.76847587855,0
69,1,2021,35.34657951720528,7775.8201701092285,0
14,1,2021,35.72512068146703,14982.407205813726,0
53,0,2021,38.084044014283926,11994.14225892667,0
59,1,2021,35.70647144040483,10272.906930326228,0
96,4,2022,40.359614559891796,9457.646908313527,0
7,1,2023,37.69010590952116,9080.29165859845,0
52,4,2022,38.62679056974263,9275.968676780485,0
59,0,2023,37.73491087420011,10505.20587080642,0
4,2,2021,38.821404475688915,9373.000117918804,1
67,1,2020,35.698000000692176,8078.411630477538,0
5,2,2022,39.17040030729933,10523.377884510108,1
95,4,2020,37.21140832838716,7491.135643823838,0
93,1,2022,38.81389916645311,10967.400703005242,0
46,3,2021,34.840653919935725,9330.798893557776,0
98,2,2022,37.27087480991254,12090.192727695532,1
54,1,2021,37.2178580751725,12967.22263208643,0
39,2,2022,36.07114530253084,12966.041681034216,1
51,1,2021,37.469678244620894,10954.315168157878,0
15,0,2021,39.309410272002275,11304.493662300534,0
12,2,2023,35.955771461555315,9031.746921644693,0
29,3,2021,38.44278153430741,12032.919065450042,1
18,3,2023,35.30886541578024,12371.50408198517,1
16,4,2021,40.16416689196369,5298.012539426416,0
62,1,2020,38.17690047765506,11135.041586821791,0
18,2,2021,39.58767599838786,14104.389423126602,1
91,4,2020,38.00809077864065,8931.129116185646,0
57,2,2020,37.585919766594046,8276.359071598363,0
54,1,2021,38.189399410728875,8740.409616741043,0
89,3,2020,36.79532880496874,5485.37202151262,0
89,0,2023,34.573249141662515,10377.951863346732,0
61,3,2022,37.671099019700186,10089.896320291755,0
22,4,2021,35.866744998100366,10591.080498631904,0
8,0,2020,35.3475071269309,11247.929863653406,0
11,4,2021,37.95443975265791,7606.019793455571,0
0,1,2023,36.581337287650456,10819.597597066131,0
57,0,2021,38.54155660990853,11329.59597974719,0
0,4,2021,35.81658884686139,8534.824807548903,0
33,1,2020,36.293756535229264,11260.353994755918,0
95,3,2023,38.72544403945209,10242.119879160224,1
47,1,2022,37.41976399149641,8106.430691669859,0
88,2,2022,34.78400793864079,10848.36608945103,0
0,1,2020,37.38664132429017,9127.867769940342,0
15,1,2021,39.22185782288321,12091.19582204316,1
60,2,2020,36.282133833067796,9282.500859792886,0
63,4,2020,37.89708654467936,6130.70325470482,0
62,4,2020,35.725919627266144,10800.960956582952,0
68,1,2021,36.79482508754586,10688.209743494304,0
21,2,2023,38.63475330467565,6756.588661607016,1
92,2,2020,37.32884750163246,12251.608346305917,1
66,3,2021,38.933904794073456,12094.662508406436,1
75,4,2023,37.637953606341796,7390.059422575274,0
25,0,2020,40.32810951580126,8021.121096820266,0
15,4,2022,34.652629946171096,9573.97716091142,0
50,4,2023,36.67420997490855,7723.443606887086,0
85,3,2020,35.37319931006192,11921.191554735033,0
56,0,2023,35.47562623831263,10446.915847981629,0
28,3,2023,35.48922445929094,6719.328562335293,0
77,0,2023,37.25158873307683,7532.58726145213,0
91,1,2023,37.339451402232804,13563.157531499204,0
68,0,2023,37.64118388749267,14606.687133746247,0
46,3,2023,35.31540915978317,11616.186928157525,0
93,4,2020,36.51366277150257,9366.174234549058,0
61,0,2022,35.553558040365445,8680.11126278027,0
68,0,2021,38.40382233440757,11649.098254933015,0
75,2,2023,35.69459867472854,10227.76160277846,0
15,4,2021,36.679431772006176,5169.78565775687,0
89,1,2020,37.84045966198466,13095.603947604492,0
89,3,2023,36.07655698825365,14037.409802088607,1
47,1,2022,38.04081766747098,12211.757598829594,1
84,4,2021,39.39411960329972,6725.166416115376,0
38,0,2023,37.28456759308829,8089.520650829981,0
99,0,2020,38.35241637185261,4426.840415926866,0
32,4,2022,33.889868666595426,14788.14547418667,0
93,0,2021,36.35642210972822,8929.784310222916,0
22,0,2021,37.27735122539347,16999.86796494935,0
9,0,2023,35.42055238239954,15865.690092723335,0
68,3,2022,37.311474003106134,7289.72075089317,0
99,3,2022,38.58991083408873,7875.19678179096,1
33,2,2022,34.18065905798497,11398.571027041358,0
51,1,2022,35.21639070129423,4736.373688401189,0
94,4,2020,37.27721990614628,8685.222647864315,0
9,4,2022,37.69062959416007,8385.522996379814,0
18,4,2021,38.10712056236448,15553.497825840124,1
57,2,2021,37.16633421833165,10483.053656513366,0
95,3,2020,37.692268607523715,9145.699067388412,0
0,2,2021,38.35522106281102,8105.545801944097,1
68,4,2021,36.37831284734451,12682.148791974381,0
3,1,2022,36.08712087099037,8509.867528208775,0
15,0,2021,36.7472400535977,9849.1510769125,0
23,3,2020,37.29923191341612,8082.629432584107,0
79,3,2022,36.01258983519802,5447.388603953817,0
1,2,2023,36.40936402529018,7011.894616892008,0
91,3,2022,37.596552655760945,8494.08487790592,0
31,4,2020,37.23662617154457,9210.235509209113,0
90,4,2022,36.721994315776364,9341.728222229478,0
83,2,2022,34.38839603490602,9733.240898443713,0
23,4,2020,36.99473801198719,8533.937109546972,0
11,1,2022,35.544994048736434,14047.379044505218,0
49,2,2020,38.47462405780885,12843.952359570947,1
34,1,2020,36.53691827008224,9594.672198427485,0
32,0,2023,35.50565191566622,10762.77483922299,0
32,1,2021,36.90768508917993,8883.735275641135,0
60,0,2021,38.90604937763829,1469.5441238446729,0
50,0,2022,37.94622377371693,10061.479038778074,0
42,1,2022,37.3298757259089,10916.843083753647,0
11,2,2023,35.01085741142972,5162.014725879318,0
66,4,2023,39.43240014964948,11498.233207583808,0
64,4,2023,36.067559238946146,9158.269966165572,0
32,0,2020,38.400675869308515,11013.801161903986,0
39,0,2023,36.51195568247288,9248.804057889743,0
73,2,2023,38.25626180872486,13752.863422680548,1
42,3,2022,38.96031114381291,10678.68646175226,1
43,1,2023,37.9722059048613,13007.249376016021,0
28,0,2020,38.13378243963991,13254.178426524835,1
12,4,2020,36.85234152076655,6641.332821734768,0
11,2,2022,36.349050786890786,7782.949389936557,0
94,1,2023,37.20744803467871,11354.832048178769,0
45,2,2023,36.49012824134618,8903.388148725484,0
1,1,2020,40.70080556621874,9284.179692231113,0
34,1,2023,35.51146257026423,13859.694466511828,0
86,0,2023,38.50312782488562,9068.90086542379,0
80,2,2023,37.77579525180852,7093.211955254254,0
89,2,2021,37.344808312185904,7498.599995093216,0
7,4,2022,39.21982914987076,16547.069503578103,1
92,4,2021,37.447566178901766,9465.34155884429,0
25,0,2022,36.04763962038638,5907.256734346269,0
73,0,2020,37.43759556588011,4691.624214050216,0
89,3,2023,36.72523259664216,8126.090071977659,0
33,4,2022,37.75492700322497,9410.43364171785,0
6,1,2021,38.219610447444246,12847.521119283017,1
67,2,2023,35.711368086453895,12557.035499385302,1
57,0,2020,38.79300417700422,9980.960736781495,0
74,2,2022,36.61765023269731,8637.494241521234,0
28,2,2022,37.66542088402327,11018.80556026507,0
35,3,2022,37.92554525548105,4753.761771590836,0
88,4,2023,37.55108303594594,15943.242681787651,0
20,0,2021,36.83633722352115,11962.316787569833,0
35,2,2021,36.267103627011004,12600.970659184817,1
9,0,2022,36.59650823904499,6777.5398543701685,0
72,1,2020,39.34775789879332,13847.945923889787,1
23,3,2020,35.701200344306415,8619.948516921115,0
63,1,2021,35.92113499305555,7142.32563154431,0
98,0,2020,35.85527676528443,9882.482888181341,0
48,0,2021,37.203630819876494,9812.334742034878,0
98,4,2022,34.71294182501829,6764.38878246401,0
35,2,2021,34.96966021579841,7315.1879393759045,0
81,2,2021,36.608567750561114,7080.30467401585,0
95,1,2022,35.068336832052644,7108.854796429526,0
23,3,2020,35.190593036075796,8835.706278701198,0
22,2,2021,35.079597385955594,5833.044591482626,0
61,4,2021,35.73008243630001,7925.876507758193,0
95,1,2022,38.09686976000561,13135.403645152808,1
36,1,2020,38.433561934181625,12469.92835631255,1
11,4,2021,39.878501339827906,6850.362277321736,0
54,3,2022,39.823542787770215,12874.614751882702,1
12,4,2021,38.17946906482067,4100.682192591853,0
22,3,2023,38.54151651220155,17287.43296603646,1
88,4,2022,37.19665313602888,13900.939576406778,0
98,4,2020,37.77979727801841,8320.80426357968,0
29,0,2020,39.91540457227475,11147.27968520533,0
16,1,2020,37.556819302085245,5797.242015672613,0
61,4,2020,38.72985786781786,10181.32836977744,0
83,4,2021,35.598472587132235,9449.010902492599,0
88,2,2021,36.00064191361266,7495.709831822813,0
85,1,2020,37.46810439669245,8594.327541022423,0
12,2,2020,37.224897505095086,8299.037572571719,0
58,1,2020,36.07009871889266,6604.789842047094,0
18,2,2021,40.611066375896826,7425.558262310011,1
48,4,2020,37.2588911558723,5674.466722000862,0
99,4,2020,36.33591242172301,12571.992296681852,0
11,0,2023,37.22742824104095,7203.661760631193,0
60,2,2023,37.03814005391745,6333.937385289537,0
18,3,2020,37.28170382183663,12524.51403944799,1
75,0,2022,34.60942447697345,11108.86106301799,0
8,2,2020,38.9379200448503,12413.503167846877,1
70,2,2023,39.023244130658725,12748.249672589964,1
27,0,2022,39.20548115805473,15812.364690815273,1
77,4,2022,37.488147637804445,9531.880699920446,0
94,2,2020,37.99372159024677,5627.176963013478,0
51,4,2023,35.70065957798913,10813.113402286375,0
82,0,2023,38.24934899289608,7992.986131360548,0
15,4,2022,37.37768156034091,7127.484150053378,0
68,1,2020,36.309390076541135,10299.775516651722,0
98,3,2021,38.29711703746126,12597.258199028769,1
11,2,2021,38.35517355413665,7492.01547521115,1
24,3,2023,37.0909132535124,13823.164261995156,1
51,4,2021,37.65757387019261,7031.158122991552,0
84,2,2023,35.45242448209966,9268.29033602361,0
99,4,2023,38.86477515582154,11158.923645342604,0
52,1,2023,35.651780217947646,8836.302373947825,0
22,0,2021,35.94186152788124,4671.992983184389,0
15,2,2023,37.0934734681458,12782.222475366416,1
56,1,2022,38.67177442632769,8129.606978931919,0
38,1,2020,38.67092294982349,12234.695348181078,1
52,2,2020,36.992763067142306,6207.567594917014,0
41,4,2023,38.15952004338072,6719.690253710764,0
57,1,2020,34.466412326006655,12587.30022866607,0
38,3,2021,35.92102001480567,11021.52427822607,0
13,1,2021,35.9515743408046,8684.24286794597,0
94,4,2020,38.87831936463973,11065.094794512512,0
4,4,2021,37.98198124436201,7137.882593366926,0
34,3,2020,37.2769791638569,10330.777352466728,0
86,1,2020,37.42260259574406,10385.661770170196,0
92,4,2020,39.35250891404519,8878.655184426914,0
74,2,2023,36.74473050024017,7494.142883227725,0
17,0,2020,35.02889903719894,10210.74573464438,0
75,0,2023,38.630792776592955,9835.056570097306,0
8,0,2020,37.27275855580759,8602.533763241172,0
73,1,2020,38.43050751724867,6898.55658945775,0
57,3,2020,36.932852788920236,10037.431148006403,0
16,4,2021,35.74196571444416,8610.032905490183,0
6,2,2023,37.604232581624466,6896.0271386892,0
45,2,2023,37.015262606112145,10130.589432274333,0
12,1,2020,37.27741342431161,14824.916416166157,0
39,0,2020,39.424855741176124,8899.517002278766,0
41,1,2021,35.35194628392295,14493.32962372607,0
8,3,2021,37.42887799071397,16342.995144190287,1
49,3,2021,35.77150496476199,7139.743292866975,0
26,4,2023,33.11418104031991,10027.132624596894,0
65,4,2023,36.92655221646667,16311.195753448928,0
4,3,2023,37.04653440549971,9636.760115772868,0
28,3,2020,37.93528315442614,10110.436437296199,0
36,3,2023,36.673688877124086,4989.983576875325,0
37,1,2022,34.76649946731404,8405.014299040997,0
82,3,2022,35.76635263411771,11666.766054006812,0
7,2,2021,38.975438255030056,17287.84792885375,1
64,0,2023,35.74505810606405,9411.979499584928,0
85,3,2022,39.37483829453876,5012.121033245935,1
16,0,2021,38.57497643885708,5784.252427680073,0
70,1,2023,36.523329093495896,9892.63094218511,0
88,0,2020,35.90638125534595,13531.620394156747,0
44,1,2022,38.57186945369587,11912.061048626187,0
3,2,2020,36.63863313235957,11380.767590530379,0
35,1,2023,34.68152479045006,13927.43316075279,0
69,1,2022,37.84347493093489,7839.312737443146,0
30,4,2023,37.62589517178728,10057.284159872695,0
18,3,2020,38.706559304072165,8438.853639392813,1
60,3,2022,37.524392499040445,9185.63279364378,0
53,2,2020,36.17627953443142,6981.191937023545,0
38,2,2023,38.904518259403204,8968.071785698612,1
90,3,2023,39.05048564901826,9916.853301263804,1
73,4,2020,37.34980894597781,8885.585500415349,0
89,3,2022,37.09048287179946,9516.815490958594,0
18,4,2020,35.01509346534234,11215.121630311558,0
38,2,2023,36.08871048648029,13716.087307193196,1
66,0,2020,38.14115446293903,13933.467604337793,1
44,2,2023,36.16407954945595,12284.265302190977,1
12,2,2020,34.81474319591002,6220.055564685053,0
91,1,2022,42.24381668440015,8918.770043290438,0
57,1,2022,34.80489106235997,9177.144907862195,0
19,1,2020,40.385127094651175,8028.550507634307,0
91,1,2020,36.53886483310261,11027.053537088821,0
71,4,2022,36.87315550128429,5217.014520155626,0
60,3,2023,35.991582591718604,15080.699408584875,1
38,0,2022,38.17425574710684,13585.662014565143,1
0,2,2023,34.840338680334874,11434.606785705273,0
2,4,2020,34.23950644564874,9813.672010239447,0
76,0,2020,39.41525729406791,13686.51788521766,1
91,4,2023,35.794041401789535,12068.214810340802,0
61,4,2020,38.119132179309524,13319.913352654277,1
62,2,2023,35.371815884655675,9822.843753220479,0
24,3,2021,38.06263156434187,15367.939257592501,1
55,1,2022,39.525319748167675,13500.663627069569,1
32,3,2021,36.20931792187733,11528.608886307795,0
37,2,2023,34.09983833982103,13767.918761293464,1
5,2,2022,39.533190869964855,8742.514174498083,1
57,2,2023,38.389366482287336,6497.498921958921,1
43,0,2022,36.289643149343036,10964.651539142427,0
44,3,2022,36.67307192009703,9828.728662559593,0
31,3,2022,35.334021705625474,9406.847973167112,0
44,4,2022,39.13038539866294,13648.936118048208,1
60,4,2023,36.197926588284034,10501.41763963189,0
46,4,2022,34.87193719367879,10790.707220606453,0
20,2,2022,37.32046882226871,9018.842323737712,0
79,3,2021,35.70997995763219,12643.369417838578,1
84,2,2020,35.45497813620534,12105.62734392376,1
74,0,2020,36.35485119435708,12620.97903068288,0
35,4,2021,37.129532973250555,8508.208100091464,0
98,2,2021,34.92833536612788,13912.265380140985,1
18,2,2023,39.07772338781849,15516.30527129912,1
19,0,2023,38.01573956809868,12526.115191974117,1
56,1,2023,36.4519555138409,7572.135138267127,0
17,3,2021,35.6449847705545,7593.393147291396,0
46,1,2021,36.866161820625,8873.869133220736,0
48,4,2022,38.349152561133586,8306.868357944437,0
13,2,2023,38.11687604079952,9786.722122938207,1
14,0,2023,38.587756450676764,11897.327399103542,0
30,0,2023,36.27943376352952,10869.857322249545,0
0,3,2020,32.612612231204984,10606.867169158866,0
53,1,2022,38.871716796874374,9276.391750599563,0
2,3,2023,36.749205785391474,9778.462218506353,0
15,2,2023,37.99924909820749,12389.726522587005,1
86,3,2023,39.50384313196045,3964.1259175005553,1
56,0,2020,40.65161294985652,9965.828774563804,0
74,0,2020,36.02526778278877,10863.962784781976,0
11,4,2021,37.20093986074847,12350.749205641878,0
73,4,2022,39.05025469090817,6969.862182148527,0
95,2,2021,35.733581472215505,6811.270952640643,0
15,1,2022,36.126832609314356,11751.864984634401,0
71,3,2020,36.11794213231169,4286.643279229253,0
75,2,2023,36.957864529887964,13996.567332282357,1
23,4,2021,36.66981447956505,10679.77597447843,0
27,3,2023,36.10930701661551,14676.16363853031,1
7,4,2021,35.551363876590614,6738.782870291461,0
91,3,2020,38.217910492592935,8690.921593845278,1
35,1,2020,39.006746531449174,2776.3950192193433,0
89,2,2020,39.22407219125862,7612.930711014172,1
7,3,2021,36.27838966392327,9448.459357834363,0
57,0,2022,38.280587008385915,4111.87725997469,0
59,0,2021,37.35448885409166,8816.119563404802,0
49,3,2022,36.14399297708001,4037.979469419267,0
27,3,2021,38.1013273280623,9227.619445265724,1
91,3,2021,36.07509241893175,13441.33578132471,1
40,0,2020,36.43573509582747,9895.060749657632,0
99,0,2023,34.93490544624456,14974.62211783541,0
63,3,2023,36.30366835385016,12358.877690183828,1
26,4,2022,37.380791813521874,14044.443545820914,0
62,4,2023,39.353401743516244,7705.164277365149,0
16,1,2021,36.46975683069747,7632.575114822193,0
72,2,2021,35.4427462793696,11036.840249156106,0
32,4,2020,39.246053456401185,5266.893725101423,0
83,0,2020,36.24317134437367,11413.43124928627,0
76,4,2023,34.3774275157887,9028.24055035921,0
91,1,2022,37.19964060270517,13989.990512639972,0
28,1,2023,36.51283979008124,12038.536762238231,0
12,2,2023,40.450593464027754,13290.11929102038,1
45,4,2023,37.71304905152082,7737.3817558148585,0
34,0,2023,36.78048646951775,13144.630806285184,0
5,0,2021,35.61325418611659,14334.137483092849,0
81,3,2022,37.49525026178945,9883.858529858977,0
68,0,2021,39.18506492509269,7781.948141900535,0
46,2,2022,37.467721275215894,7834.638396296772,0
24,2,2020,35.72885546182308,13717.038976047894,1
65,0,2023,37.808209317627934,18053.037227269935,0
9,0,2021,36.92708965769078,7055.064789474334,0
55,3,2022,37.67291965497724,6824.439849872319,0
29,0,2020,36.46778897472367,12764.242542023436,0
4,3,2020,36.432557088608185,7738.259411900066,0
32,3,2023,36.37333030385233,13055.066152684809,1
64,0,2022,38.413357227246046,11396.038520579938,0
17,1,2021,36.44766208713836,9928.068092506108,0
95,1,2023,36.31040390293866,11323.814603565064,0
48,3,2021,35.58690114765645,11140.595107460182,0
10,0,2020,37.681020702575154,9461.180506641473,0
84,1,2021,37.46755270319683,4730.916905084517,0
25,0,2021,36.32684766326705,10535.952185767104,0
62,0,2023,35.93593193866321,14719.181098192494,0
88,0,2021,39.81426011984157,5173.69401038643,0
85,4,2023,34.17933541731274,7102.644939583166,0
58,0,2020,37.73975800480258,11280.480924298034,0
26,4,2023,38.937105322324015,10115.775588196842,0
48,3,2023,31.91977935776755,11233.546478752867,0
76,1,2022,38.19121009011427,7902.045376517014,0
32,1,2021,36.669618097755865,13487.374859776919,0
97,1,2020,37.384082296424886,10140.701697070634,0
98,1,2023,36.51514305321687,12090.95656702917,0
0,1,2020,38.613090168469114,10960.832232913288,0
20,1,2022,37.54467901250704,10526.484903882978,0
54,1,2021,37.19757983430147,11880.50097108439,0
5,3,2023,35.65170908956211,10559.463861900851,0
91,0,2021,39.82343835075128,6429.402915713465,0
80,2,2022,37.01489652959991,13262.070477147894,1
68,4,2022,40.43470869619069,12454.381858744551,1
94,2,2020,39.89135407776729,3679.448825926571,1
4,2,2023,34.33247354910193,8037.399145372969,0
2,0,2020,36.01758105879596,13127.081387478422,0
52,0,2022,35.44457349103759,4519.214360566499,0
22,0,2021,36.92769087776941,12830.700645702233,0
52,1,2020,37.28074603072924,9576.332393037248,0
36,3,2020,37.344889701840145,14020.847711001972,1
73,1,2021,38.58119301402847,9996.55963277361,0
73,3,2020,39.2403741539633,7833.796021013117,1
82,3,2021,38.45123162385796,10924.256982277422,1
16,2,2023,36.15859717866438,9908.843531470042,0
84,2,2021,35.82696420233884,7567.4465975779585,0
77,3,2023,37.0041427538259,16655.03044903416,1
72,3,2021,37.63917928960699,7086.705455247056,0
0,1,2022,36.72521298142431,3271.133874820617,0
50,1,2022,34.98177274562167,14745.096904364478,0
44,2,2023,38.0230892628652,8249.309583052222,1
76,0,2023,36.41152784689915,9109.680217102914,0
3,3,2022,36.366230898366936,8926.281806112896,0
61,1,2023,36.91808098891286,8291.045697525022,0
64,2,2021,36.64015162437976,7701.422586209663,0
31,1,2021,36.450248416731846,7009.548092509107,0
33,3,2022,35.07981203960021,10194.279285113696,0
91,3,2020,36.83162879957251,8794.037326973095,0
94,4,2021,38.054430687860304,12191.08657100184,1
71,0,2023,37.39696600768193,11448.082154848462,0
38,4,2020,38.42218215865097,7217.463419423788,0
25,2,2020,35.90718246651999,10325.56382821707,0
33,1,2021,35.082912281323296,8746.48502763594,0
53,2,2021,36.631225031533006,7025.018672099003,0
2,3,2020,36.078645072176954,12068.294711545397,1
49,4,2020,36.23449752518838,9636.024162074906,0
11,4,2022,37.31762457712169,8777.349939488562,0
64,4,2023,36.24537919134302,7433.298290730162,0
53,2,2022,35.12489726619041,6916.189716779983,0
4,3,2021,36.161507908177,15966.304071743638,1
93,1,2022,37.5100890502912,11002.35594888999,0
93,1,2022,38.00722090151038,6726.61288839155,0
56,2,2022,37.99213417612502,10863.59769496844,0
16,4,2022,37.636709641371866,13186.048530386613,0
46,0,2023,36.74785980105214,10502.552837590127,0
22,2,2023,37.607371148438695,14122.064026399374,1
78,2,2020,36.93649651270265,5371.560573790099,0
84,3,2021,37.169644206730354,4026.0338578593683,0
13,1,2022,35.59100989320109,10781.55226556126,0
65,2,2020,37.06581244564107,10829.48843012165,0
74,2,2020,37.56799935137712,-18.500534762726602,0
50,4,2020,37.51169097015956,8129.271726393954,0
37,4,2023,35.06872146091105,6974.013056849634,0
63,0,2022,37.144391164605075,5824.161277890531,0
97,3,2022,34.83416563380413,6966.874706170567,0
37,0,2021,37.26051496920779,11787.36340479808,0
49,4,2022,35.94799421259593,6947.7849361308745,0
97,1,2022,39.558464413788165,7050.633596254475,0
81,4,2020,37.17886499394383,5143.584073426963,0
29,3,2021,38.20174602973589,13806.728927547478,1
78,4,2022,40.16630895553642,11303.897096411903,0
90,3,2023,35.77389728336692,2522.9313912912967,0
50,3,2022,37.65351236635887,7053.2797623304405,0
62,3,2020,35.221133486150734,11585.553653184777,0
97,3,2023,37.51734551237488,13844.17764694851,1
51,3,2020,39.64856389967561,12522.51627809997,1
37,1,2022,36.058175178337315,8932.951269226343,0
96,0,2023,35.67106853005811,4205.869417620885,0
87,2,2021,36.863238649722156,12610.746981733932,1
78,0,2021,40.06872593213243,9109.309446038487,0
29,3,2023,38.15655837992988,10206.58604384521,1
50,1,2023,35.64262802191598,9467.73868537451,0
80,4,2020,39.18259087372265,5933.411501271196,0
4,1,2023,34.51740551150022,11092.750636668967,0
28,3,2020,40.20483869320409,10679.37709334034,1
3,1,2022,38.28467602002274,8722.633471255605,0
9,1,2020,39.645336160010075,11413.31739958746,0
55,3,2023,34.52830283742395,5878.001357730082,0
16,1,2023,37.25416274628953,9192.991672350674,0
73,2,2022,36.799166610151424,10078.382418807367,0
16,2,2023,35.48953078983004,4795.217103594813,0
83,1,2023,35.055964569622915,9828.71016749184,0
87,4,2021,37.760621888139326,12200.935440043888,0
68,3,2021,37.896597562170435,9090.307227871397,0
33,2,2022,38.94996107008863,9897.655292456966,1
5,4,2020,36.24486842000975,11687.032117702502,0
52,1,2021,36.78758528476629,8836.599673401182,0
65,4,2020,34.926310112580865,9106.607801367134,0
76,0,2023,39.31117871799212,6469.889456402599,0
42,2,2021,37.10432213163586,9955.189668037705,0
74,1,2022,38.083882752430156,8995.454549185659,0
22,3,2022,38.13685809416652,11497.269385159967,1
54,1,2022,39.188660735952965,11690.379862549717,0
79,3,2021,35.75290079909882,12373.627117038643,1
94,1,2020,38.04637990052077,8475.218947314606,0
74,4,2023,36.96248694053644,3470.256743127652,0
15,4,2020,40.15851559951095,12224.919239394323,1
7,4,2020,35.748453731505975,11293.362892292227,0
3,0,2023,38.75713952164581,8094.12518594173,0
3,3,2023,37.525512668842595,11664.820598702012,0
55,4,2021,37.44678414130903,5654.230592451275,0
24,0,2021,37.08103108907123,13090.720638610825,0
66,3,2021,39.01999873425518,8999.12634461785,1
95,1,2021,37.395777551610905,7513.217160985314,0
66,0,2021,34.71337699281853,8134.895331283336,0
26,2,2023,38.82925535306837,9305.545041999363,1
92,0,2020,38.554302748197586,9963.96378010161,0
31,0,2021,37.88070652631927,10144.84084119822,0
49,3,2021,35.30728955537868,8711.177668125629,0
60,1,2020,35.54032695966802,10600.718720384437,0
50,2,2021,34.18383567214584,10024.837823000302,0
18,4,2020,37.69049480976972,8057.281013276803,0
20,4,2020,34.975676727738445,7605.428126736208,0
4,0,2023,34.42187366070675,11825.096628684512,0
81,3,2022,38.91248367895007,11572.978107993717,1
91,3,2023,38.15226934669427,10171.40906548379,1
41,4,2022,36.50024250275361,12772.586397970605,0
60,2,2022,36.798930125114204,4116.0170314970965,0
21,1,2022,33.38898368952409,8306.81607547989,0
20,2,2021,38.37511737858883,6531.048662996067,1
69,1,2023,35.960902803266976,16768.816795413553,0
0,4,2022,37.49543629469971,12139.65946118796,0
4,1,2020,33.26715660731277,9762.814049025172,0
11,3,2021,38.46635204824232,12354.97173653847,1
89,0,2023,35.87073284592142,13348.826991265345,0
45,0,2022,34.93593660431597,13316.895074572212,0
33,4,2020,36.49059754826745,12765.11045530106,0
48,3,2023,36.10540717309677,9212.379030153816,0
77,2,2023,38.611401419364796,8495.903741548143,1
89,3,2021,36.36940731645756,7113.432460057945,0
44,0,2023,39.04392553992005,11507.341800187021,0
26,0,2021,37.49521392368361,9523.192794013656,0
72,3,2022,38.34155183081856,8744.586908448413,1
25,3,2021,36.99675032015817,8588.015914816593,0
46,0,2020,38.90808847350983,14350.577891904064,1
85,2,2021,35.269564014575984,12858.041238525013,1
55,4,2020,37.17043668624149,15491.181568384496,0
93,4,2021,36.405346255852876,11587.048899676327,0
62,3,2023,39.09494271926097,10170.863320764694,1
47,4,2022,39.24855160698914,9923.792647765225,0
60,0,2020,37.00063188885568,6939.095358215582,0
80,0,2021,35.06273334835629,6215.743024745798,0
25,3,2021,37.6406459751875,11522.023065678624,0
35,3,2021,34.503085397449354,7195.963868550236,0
0,3,2023,39.43921419817467,10634.373261601708,1
7,2,2023,36.29024489404594,13346.400049285636,1
98,4,2020,36.95414475487376,8003.63820090731,0
51,3,2020,35.97857338628987,16031.444903774733,1
78,1,2023,35.64732761994877,7027.914637167702,0
46,1,2020,38.10593697482058,12970.584269469538,1
55,0,2022,36.762074984423016,11274.268543397087,0
85,4,2022,37.063723808384765,13582.285749838455,0
13,3,2023,35.49416338117174,6651.407165920931,0
89,1,2020,38.28408883524556,16921.06275086083,1
27,4,2021,38.4366846027053,9463.674748651283,0
86,0,2022,36.686607269680636,12029.943817897845,0
77,2,2023,38.90188319999783,14333.462466839503,1
87,4,2020,36.84381376866322,8186.013797514353,0
1,4,2023,38.16963324443323,12477.179088841536,1
25,2,2021,34.56560862875485,7685.591064335522,0
13,4,2022,37.530146299729616,14190.884741373517,0
58,0,2023,36.592777798589594,7719.457806313799,0
55,0,2023,37.23328363893249,10115.520947487277,0
6,2,2023,37.16602360848374,10918.36210303588,0
2,3,2021,37.188549733265475,12352.899309167846,1
22,1,2023,37.92355109404383,15905.428925279635,0
17,3,2021,36.152239552591034,8644.093031156532,0
37,4,2021,37.85361888930346,13416.20432282082,0
98,1,2021,38.84878732467686,15910.77534590241,1
14,2,2022,34.884788492529516,10497.200082594753,0
63,2,2022,35.829189852656015,8349.601749639125,0
88,1,2023,35.89219686174822,4809.898781694125,0
27,0,2023,35.361931300823564,15649.827302233187,0
73,1,2022,36.28795334554441,9266.667010226909,0
38,4,2020,38.54967777309976,6995.924502308347,0
56,0,2022,39.17138038676864,5925.009747370712,0
16,2,2021,37.15926245461975,6990.357428829876,0
85,1,2022,36.5136459837277,12759.115879681496,0
89,3,2021,38.20438595362099,13173.605583024215,1
43,3,2023,33.45404725862173,11956.365614366608,0
24,4,2020,35.41723229184526,10397.013482060094,0
16,3,2023,33.51755438995013,6263.438231495993,0
12,1,2021,35.401450423966836,7810.177162293858,0
83,1,2021,35.849473709647,6680.141767956174,0
24,3,2021,39.21652281690652,11718.463016578795,1
67,1,2020,32.85840705076602,6810.062563414887,0
9,4,2022,36.3749460996485,7857.261666839222,0
66,0,2023,37.92934970826716,9449.53827100448,0
17,4,2023,37.61609599490364,4990.5995407109585,0
99,4,2022,39.19260720030234,10140.31429252254,0
85,1,2023,37.241577217894886,9678.541356893391,0
